columns,means
src_bytes,691.3283277133224
dst_bytes,512.2499285591816
count,335.70283477167516
srv_count,296.10471795164887
dst_host_count,232.99262730753844
dst_host_srv_count,189.42492998799796
duration,42.88796650854432
